date,category,award,recipients,title,event,organizer,link
2026-02-10,paper,가헌학술상,"김군찬, 권순조",심층 강화학습을 활용한 3D 전기 패널의 자동 케이블 라우팅,"한국CDE학회 논문집, 30(1), 122-135",한국CDE학회,https://doi.org/10.7315/CDE.2025.122
2024-11-07,paper,대한기계학회논문집A 우수논문,"김재연, 이상명, 고민석, 안성익, 신규태, 박재민, 이길용, 권순조",적층 제조 고려 설계에 기반한 연질 소재 유도탄 보호 덮개 설계 및 제작,"대한기계학회 논문집 A권, 47(10), 829-840",대한기계학회,https://doi.org/10.3795/KSME-A.2023.47.10.829
2026-08-21,presentation,우수포스터상,"박현석, 김태길, 권순조",산업 디자인 초기 단계에서의 간섭 검증을 위한 지식 기반 강화 학습,한국CDE학회 2026 하계학술대회,,
2026-02-11,presentation,우수논문상,"엄태주, 최민주, 김민규, 권순조",비수밀 CAD 데이터의 내부 형상 제거를 위한 NeuS 가이드 하이브리드 레이캐스팅 기법,한국CDE학회 2026 동계학술대회,,
2025-08-22,presentation,우수포스터상,"김군찬, 이승현, 김현철, 권순조",화재 확산과 군중 행동을 고려한 강화학습 기반 대피 보조 에이전트 개발,한국CDE학회 2025 하계학술대회,,
2025-08-22,presentation,우수포스터상,"이초빈, 전예성, 박재민, 정진호, 신규태, 손현진, 양시훈, 김도희, 위정욱, 김현찬, 권순조",금속 적층 제조 기반 유도 미사일 조종 날개의 최적 격자 구조 선정,한국CDE학회 2025 하계학술대회,,
2025-02-21,presentation,우수포스터상,"한서희, 고민석, 권순조",설명 가능한 적정 제조 방식 추천을 위한 LLM의 활용,한국CDE학회 2025 동계학술대회,,
2024-08-22,presentation,우수포스터상,"한서희, 고민석, 권순조",적층 제조 적합 부품 식별을 위한 기준 및 절차 수립,한국CDE학회 2024 하계학술대회,,
2024-05-31,presentation,우수논문상,"S. Kwon, H. Kim",Saliency-Aware Point Cloud Upsampling Approach for Edge Consolidation,ICMDT 2023,,
2024-04-12,presentation,특별상(한국기계연구원장상),"김군찬, 윤영준, 권순조",케이블 자동 라우팅을 위한 강화학습 기반 최적 케이블 형상 생성 방안,2024년 한국기계가공학회 춘계학술대회,,
2024-01-31,presentation,우수논문상,"고민석, 김재연, 권순조",적층 제조의 탄소 배출량 예측을 위한 심층 신경망 활용,한국CDE학회 2024 동계학술대회,,
2024-01-31,presentation,우수포스터상,"배대철, 전예성, 정재호, 윤영준, 고민석, 김재연, 김군찬, 권순조",3D 프린팅 품질 및 상태 관찰을 위한 웹 기반 디지털 트윈 구현,한국CDE학회 2024 동계학술대회,,
2023-12-22,presentation,Best Paper Award,"M. Ko, S. Kwon",A Review of Lifecycle Assessment (LCA) Cases in the Shipbuilding Industry,AeroNDT 2023,,
2023-08-25,presentation,우수논문상,"고민석, 김재연, 한혜련, 권순조",적층 제조에서 설계 및 제조 정보 기반 전생애주기평가 도구 개발,한국CDE학회 2023 하계학술대회,,
2023-08-25,presentation,우수논문상,"윤영준, 김재연, 최민주, 권순조",3D 프린팅을 위한 커스텀 제품의 최적 모듈화,한국CDE학회 2023 하계학술대회,,
2023-08-24,presentation,우수논문상,"김재연, 윤영준, 이상명, 김형기, 권순조",기계 3D CAD 모델 자동 채점을 위한 형상 유사도 활용,한국CDE학회 2023 하계학술대회,,
2023-08-25,presentation,우수논문상,"정동원, 권순조, 김형기",미분 가능한 샘플링과 점군-메쉬 거리를 활용한 QEM 간략화 메쉬의 원본 형상 복원 기법,한국CDE학회 2023 하계학술대회,,
2023-02-10,presentation,우수포스터상,"김재연, 윤영준, 이상명, 김형기, 권순조",2D 이미지의 특징점을 활용한 3D CAD 모델의 국소 형상 비교,한국CDE학회 2023 동계학술대회,,
2023-02-10,presentation,우수포스터상,"윤영준, 김재연, 이상명, 김형기, 권순조",단면도의 형상 분산을 활용한 3D CAD 모델의 형상 유사도 비교,한국CDE학회 2023 동계학술대회,,
2022-08-25,presentation,우수포스터상,"김현식, 서규민, 이승현, 노태환, 김현철, 권순조",증강현실 기반 실내 화재 대피 내비게이션 시스템 개발,한국CDE학회 2022 하계학술대회,,
2020-11-20,presentation,우수논문상,"오요셉, 고현웅, 권순조",효율적인 3D 프린팅을 위한 부품 분해 최적화,대한기계학회 대구경북지회 2020년 춘추계통합학술대회,,
2026-02-10,competition,금상,"권순조, 김형기, 전예성, 박현석, 차준렬",,"CDE DX Awards 2025, 대학 부문",한국CDE학회,
2025-12-12,competition,혁신설계 우수상,"이초빈, 김동환, 변재호, 남승건",,사용자 중심 융합설계연구회 2025년 적층제조 기반 융합설계 워크숍,대한기계학회 생산 및 설계공학부문,
2025-11-28,competition,협의회장상,"이초빈, 김동환, 변재호, 남승건",,적층제조 융합설계 경진대회: Folding Chair,첨단분야 혁신융합대학 사업단 협의회,
2025-11-21,competition,우수상(한국산업단지공단이사장상),"권순조, 전예성, 이초빈, 김윤서, 김현찬, 박재민, 정진호, 신규태, 이동완, 김도희",,"제10회 3D프린팅 BIZCON경진대회, 구동 부문",3D프린팅산업협회,
2025-11-11,competition,대상(과학기술정보통신부장관상),"정진호, 박재민, 이동완, 김진우, 전예성",,"2025 DfAM 경진대회, 산업부문",울산광역시,
2025-09-30,competition,최우수상,"김태길, 김군찬, 전예성, 박현석, 이초빈",,제4회 가상공학 플랫폼 소프트웨어(KIMM Cyber Lab) 활용 경진대회,한국기계연구원,
2024-11-08,competition,우수 융합설계상,"전예성, 조용우, 유정현, 피영민, 이동준, 배경근",,사용자 중심 융합설계연구회 2024 첨단 융합설계 워크숍,대한기계학회 생산 및 설계공학부문,
2024-10-19,competition,최우수상(특허청장상),"박재민, 신규태, 정진호, 이길용, 권순조, 이민형, 김군찬",,"제9회 3D프린팅 BIZCON 경진대회, 구동 부문",3D프린팅산업협회,
2023-10-26,competition,1위,김재연,,제1회 BDU 3D 경진대회,LS e-Mobility Solutions,
2021-12-22,competition,대상,"김현식, 이주은, 김건영",,2021 보조기기 아이디어 공모전,경기도,
2021-11-20,competition,우수상,"노태환, 김재연",,"제6회 3D프린팅 BIZCON경진대회, 국방 부문",3D프린팅산업협회,
