date,caption,image,group,link
2026-05-18,스승의날 기념,assets/gallery/photo-01.jpg,PNU,
2026-08-20,한국CDE학회 2026 하계학술대회 참석 기념,assets/gallery/photo-02.jpg,PNU,
2026-08-21,우수포스터상(박현석),assets/gallery/photo-03.jpg,PNU,
2026-08-20,한국CDE학회 포스터발표(문광민),assets/gallery/photo-04.jpg,PNU,
2026-08-20,한국CDE학회 포스터발표(박현석),assets/gallery/photo-05.jpg,PNU,
2026-09-04,연구실 청소 기념,assets/gallery/photo-06.jpg,PNU,
2026-09-09,오픈랩 행사 기념,assets/gallery/photo-07.jpg,PNU,
2025-12-12,대한기계학회 참석 기념,assets/gallery/photo-08.jpg,KIT,
2025-08-12,금오산 등반,assets/gallery/photo-09.jpg,KIT,
2025-08-12,금오산 등반,assets/gallery/photo-10.jpg,KIT,
2025-05-14,스승의날 기념,assets/gallery/photo-11.jpg,KIT,
2025-04-25,히메지성 관광 기념,assets/gallery/photo-12.jpg,KIT,
2024-05-15,스승의날 원격 축하^^,assets/gallery/photo-13.jpg,KIT,
2024-05-15,스승의날 기념,assets/gallery/photo-14.jpg,KIT,
2024-04-02,교내 벚꽃 구경,assets/gallery/photo-15.jpg,KIT,
2024-04-02,교내 벚꽃 구경,assets/gallery/photo-16.jpg,KIT,
2024-04-02,교내 벚꽃 구경,assets/gallery/photo-17.jpg,KIT,
2024-04-02,교내 벚꽃 구경,assets/gallery/photo-18.jpg,KIT,
2024-04-02,교내 벚꽃 구경,assets/gallery/photo-19.jpg,KIT,
2023-05-12,스승의날 기념,assets/gallery/photo-20.jpg,KIT,
2023-11-06,생일 기념,assets/gallery/photo-21.jpg,KIT,
2022-05-17,스승의날 기념,assets/gallery/photo-22.jpg,KIT,
2021-05-12,스승의날 기념,assets/gallery/photo-23.jpg,KIT,
