date,title_ko,title_en,tag,link,image
2024-11-08,"전예성, 사용자 중심 융합설계연구회 2024 첨단 융합설계 워크숍 우수 융합설계상","Yeseong won the Excellent Convergence Design Award at the 2024 Advanced Convergence Design Workshop of the User-Centered Convergence Design Research Group, hosted by the Production and Design Engineering Division of the KSME.",Award,,
2024-11-07,"권순조 교수, KSME Annual Meeting 2024 우수논문상",Prof. Kwon won the Excellent Paper Award at the KSME Annual Meeting 2024.,Award,,
2024-10-19,"LIG Nex1-LCMS-DADI Lab 공동팀, 제9회 3D프린팅 BIZCON 구동 부문 최우수상",LIG Nex1-LCMS-DADI Lab. joint team won the Best Award at the 9th 3D printing BIZCON contest (Driving category).,Award,,
2024-08-22,"한서희, 한국CDE학회 2024 하계학술대회 우수포스터상",Seohee won the Excellent Poster Award at the 2024 Summer Conference of Society for CDE.,Award,https://www.kumoh.ac.kr/ko/sub01_05_02.do?mode=view&articleNo=498533,
2024-05-31,"권순조 교수, ICMDT 2023 우수논문상",Prof. Kwon won the Excellent Paper Award at ICMDT 2023.,Award,,
2024-04-12,"김군찬, 한국기계가공학회 2024 춘계학술대회 특별상",Kunchan won the Special Award at the KSMPE 2024 Spring Conference.,Award,https://www.kumoh.ac.kr/ko/sub01_05_02.do?mode=view&articleNo=485122,
2024-04-02,"DADI Lab 멤버들, 해 진 뒤 벚꽃 구경",DADI Lab. members went out to see cherry blossoms after sunset.,Event,,
2024-01-31,"고민석 우수논문상·전예성 우수포스터상, 한국CDE학회 2024 동계학술대회",Minseok won the Excellent Paper Award and Yeseong won the Excellent Poster Award at the 2024 Winter Conference of Society for CDE.,Award,https://www.kumoh.ac.kr/ko/sub01_05_02.do?mode=view&articleNo=474338,
2023-12-22,"고민석, AeroNDT 2023 우수논문상",Minseok won the Best Paper Award at AeroNDT 2023.,Award,https://www.kumoh.ac.kr/ko/sub01_05_02.do?mode=view&articleNo=471564,
2023-10-26,"김재연, LS e-Mobility Solutions 제1회 BDU 3D 경진대회 1위",Jaeyeon won the 1st place at the 1st BDU 3D Contest hosted by LS e-Mobility Solutions.,Award,https://www.kumoh.ac.kr/ko/sub01_05_02.do?mode=view&articleNo=468762,
2023-08-25,"고민석·김재연·윤영준, 한국CDE학회 2023 하계학술대회 우수논문상","Minseok, Jaeyeon, and Yeongjun won the Excellent Paper Award for each presentation at the 2023 Summer Conference of Society for CDE.",Award,https://www.kumoh.ac.kr/ko/sub01_05_02.do?mode=view&articleNo=463131,
2023-08-18,"고민석·김군찬·이상명·윤영준, 2023 Autodesk Fusion 360 Design for 3D Printing Contest 대상","Minseok, Kunchan, Sangmyeong, and Yeongjun won the Grand prize (1st place) at the 2023 Autodesk Fusion 360 Design for 3D Printing Contest.",Award,https://www.kumoh.ac.kr/ko/sub01_05_02.do?mode=view&articleNo=460704&article.offset=0&articleLimit=9,
2023-02-10,"김재연·윤영준, 한국CDE학회 2023 동계학술대회 우수포스터상",Jaeyeon and Yeongjun won the Excellent Poster Award for each poster at the 2023 Winter Conference of Society for CDE.,Award,https://cde.or.kr/Board/board.asp?b_code=2844&Action=content&GotoPage=1&B_CATE=BBS1,
2022-08-25,"김현식·노태환, 한국CDE학회 2022 하계학술대회 우수포스터상",Hyunsik and Taehwan won the Excellent Poster Award at the 2022 Summer Conference of Society for CDE.,Award,http://cde.or.kr/Board/board.asp?b_code=2821&Action=content&GotoPage=1&B_CATE=BBS1,
2021-12-22,"김현식·이주은, 경기도 2021 보조기기 아이디어 공모전 금상",Hyunsik and Jueun won the Grand prize (1st place) at the 2021 Assistive Device Idea Contest hosted by Gyeonggi province.,Award,https://www.kumoh.ac.kr/ko/sub01_05_02.do?mode=view&articleNo=339885,
2021-11-20,"노태환·김재연, 제6회 3D프린팅 BIZCON 국방 부문 우수상",Taehwan and Jaeyeon won the Excellence Award at the 6th 3D printing BIZCON contest (Defense category).,Award,,
2020-09-01,DADI Lab@KIT 개소,DADI Lab@KIT opened!,Event,,
