date,title,venue,location,link
2026-09-11,CAD에서 자율 설계·제조까지,한국광기술원,광주,
2026-01-15,Part decomposition for additive manufacturing using reinforcement learning,"1st International Conference on Digital Composites Manufacturing (ICDCM 2026), 경상대학교",진주,
2025-12-19,"Redesign for Additive Manufacturing in the Age of AI: Methods, Applications and Emerging Opportunities",UNIST,울산,
2025-12-04,안전 디지털 트윈 구축을 위한 화재 대피 시뮬레이션 기반 대피 지원 에이전트의 강화학습,제조에서 Physical AI 표준화 추진 전략 워크숍,서울,
2025-06-19,From Draft to Craft: Toward Intelligent and Autonomous Design and Manufacturing,GIST,광주,
2024-02-07,CAD 및 적층 제조를 위한 AI 지원 공학 설계 자동화 연구 진행 현황,고려대학교,서울,
2023-10-31,"Redesign for Additive Manufacturing: Methodologies, Applications, and Opportunities",한양대학교 ERICA,온라인,
2023-09-22,디지털 트윈 제조를 위한 디지털 쓰레드 요구사항,ISO/TC 184-K 및 디지털 트윈 제조 표준 기술 워크숍,여수,
2023-09-11,ISO 10303 표준 개요: 디지털 트윈에서의 활용,한국전자통신연구원,대전,
2023-03-21,제조 디지털 쓰레드 사례 조사 및 요구사항 분석,ISO 23247 제조 디지털 트윈 표준화 워크숍,부산,
2023-02-27,3D Shape Similarity Measures for Digital Twin Correspondence,Korea STEP Center,온라인,
2023-02-07,디지털 트윈 3D 모델 구축/경량화/가시화 사례 조사,한국기계연구원,대전,
2023-01-19,디지털 트윈 3D 구축 및 가시화 지원을 위한 도구 및 현황 조사,경희대학교,용인,
2022-11-18,3D 기술 기반 제조 산업의 디지털 전환,경기대학교,온라인,
2022-11-01,Design for Additive Manufacturing: Applications and Opportunities,경희대학교,용인,
2022-06-27,DfAM(Design for Additive Manufacturing) 연구 진행 현황,인천대학교,인천,
2022-05-24,온톨로지를 활용한 표준 기반 디지털 쓰레드 구현 사례,한국전자통신연구원,대전,
2022-05-12,적층 제조 효율성 향상을 위한 모델 분해 및 조립 방안,한국정밀공학회 2022 춘계 학술대회 젊은공학자 초청세션,제주,
2021-11-04,대형 기기 CAD 모델의 경량화를 위한 영역 확장법의 응용,대한기계학회 2021 학술대회 유망과학기술자 세션,광주,
2021-10-18,제조업에서 디지털 전환을 가속화하는 3D 설계 및 시뮬레이션 기술,경기대학교,온라인,
2021-07-08,적층제조 특화설계의 연구 동향 및 응용 사례,LIGNex1,구미,
2021-04-01,Research Trends and Use Cases of Design for Additive Manufacturing,전북대학교,온라인,
2020-10-05,OntoSTEP and its applications,32nd ISO TC184/SC5/WG10 Meeting,온라인,
2018-12-12,"2D, 3D CAD 분야에서 딥러닝 기술의 활용 방안",경북대학교,상주,
2018-08-03,ISO 15926 & Gellish 소개 및 활용 방안,PartDB,대전,
2018-04-24,조선 해양 산업에서 3D CAD 모델 단순화 기술의 활용,삼성중공업,거제,
